,BKR,NVDA,MARA,TSLA
BKR,1.0,0.009360304069676943,-0.02664257586486348,0.005795859665029189
NVDA,0.009360304069676936,1.0,-0.01330803101029802,0.046677376500852644
MARA,-0.026642575864863488,-0.01330803101029802,1.0,-0.027285970729363864
TSLA,0.005795859665029169,0.046677376500852664,-0.02728597072936384,1.0
