component,explained_variance_ratio
1,0.3571456861437387
2,0.16977611869953224
3,0.16493911722668259
4,0.1596579921802102
5,0.1484810857498363
