component,explained_variance_ratio
1,0.3183000185776299
2,0.2384488414997577
3,0.20972620053151225
4,0.12964288848319913
5,0.10388205090790097
