component,explained_variance_ratio
1,0.3367749263931054
2,0.17785601809205098
3,0.1706621323896342
4,0.1679677895212935
5,0.14673913360391583
