component,explained_variance_ratio
1,0.24559455841195835
2,0.20941091999652006
3,0.19948145952468044
4,0.1819151792312424
5,0.1635978828355987
