stock,lag_minutes,autocorrelation
BKR,1,0.25506980978482846
BKR,5,0.27235559640781615
