stock,lag_minutes,autocorrelation
TSLA,1,0.11002156334237993
TSLA,5,0.05791935340067601
