stock,lag_minutes,autocorrelation
NVDA,1,0.11689992056136886
NVDA,5,0.03422800146355431
