stock,lag_minutes,autocorrelation
MARA,1,0.5948187397895565
MARA,5,0.2940408655685579
